07/2022|Atmos| https://novo.brb.com.br/wp-content/uploads/2023/11/Atmos.png
07/2022|Brintell| https://novo.brb.com.br/wp-content/uploads/2023/11/Brintell.png
07/2022|GoLedger| https://novo.brb.com.br/wp-content/uploads/2023/11/GoLedger.png
07/2022|Origem Motos| https://novo.brb.com.br/wp-content/uploads/2023/11/Origem.png
07/2022|SmupWeb| https://novo.brb.com.br/wp-content/uploads/2023/11/SmuPweb.png
07/2022|AetosTech| https://novo.brb.com.br/wp-content/uploads/2023/11/Aetos-Tech.png
07/2022|ProfPlay| https://novo.brb.com.br/wp-content/uploads/2023/11/ProfPlay.png
07/2022|Veggie & Tais| https://novo.brb.com.br/wp-content/uploads/2023/11/VeggieTais.png
07/2022|Fotoploc| https://novo.brb.com.br/wp-content/uploads/2023/11/FotoPloc.png
07/2022|Veriza| https://novo.brb.com.br/wp-content/uploads/2023/11/Veriza.png
08/2022|Heatlh ID| https://novo.brb.com.br/wp-content/uploads/2023/11/Health-ID.png
08/2022|SEMPRE| https://novo.brb.com.br/wp-content/uploads/2023/11/Sempre.png
08/2022|Apura| https://novo.brb.com.br/wp-content/uploads/2023/11/Apura.png
08/2022|Escrita com Ciência| https://novo.brb.com.br/wp-content/uploads/2023/11/Escrita-com-Ciencia.png
08/2022|Portal de Compras Públicas| https://novo.brb.com.br/wp-content/uploads/2023/11/Portal-de-Compras-Publicas.png
08/2022|Lovyca| https://novo.brb.com.br/wp-content/uploads/2023/11/Lovyca.png
09/2022|Banco Afro| https://novo.brb.com.br/wp-content/uploads/2023/11/Banco-Afro.png
09/2022|Bitgov| https://novo.brb.com.br/wp-content/uploads/2023/11/BitGov.png
09/2022|Vem Money| https://novo.brb.com.br/wp-content/uploads/2023/11/Vem-Money.png
09/2022|Lockin| https://novo.brb.com.br/wp-content/uploads/2023/11/Lockin.png
09/2022|Quantic Pass| https://novo.brb.com.br/wp-content/uploads/2023/11/QuanticPass.png
09/2022|Tellus/Kore.ai| https://novo.brb.com.br/wp-content/uploads/2023/11/Tellus.png
10/2022|Credit| https://novo.brb.com.br/wp-content/uploads/2023/11/Credit.png
10/2022|i3 Data| https://novo.brb.com.br/wp-content/uploads/2023/11/i3Data.png
10/2022|Pronto Paguei| https://novo.brb.com.br/wp-content/uploads/2023/11/Pronto-Paguei.png
10/2022|Akvofluo| https://novo.brb.com.br/wp-content/uploads/2023/11/Akvofluo.png
10/2022|InovaEd| https://novo.brb.com.br/wp-content/uploads/2023/11/InovaPro.png
10/2022|OctoPag| https://novo.brb.com.br/wp-content/uploads/2023/11/OctoPag.png
11/2022|DominIA| https://novo.brb.com.br/wp-content/uploads/2023/11/Dominia.png
11/2022|Meu Baú| https://novo.brb.com.br/wp-content/uploads/2023/11/Meu-Bau.png
12/2022|PriceBook| https://novo.brb.com.br/wp-content/uploads/2023/11/PriceBook.png
12/2022|Agência de Governo| https://novo.brb.com.br/wp-content/uploads/2023/11/Agencia-de-Governo.png
12/2022|Mocar| https://novo.brb.com.br/wp-content/uploads/2023/11/Mocar.png
12/2022|ServiceNow| https://novo.brb.com.br/wp-content/uploads/2023/11/ServiceNow.png
08/2023|BcodeX| https://novo.brb.com.br/wp-content/uploads/2023/11/Bcodex.png
08/2023|Zapay| https://novo.brb.com.br/wp-content/uploads/2023/11/Zapay.png
09/2023|Fido| https://novo.brb.com.br/wp-content/uploads/2023/11/Fido.png
09/2023|Sofia Resolve| https://novo.brb.com.br/wp-content/uploads/2023/11/Sofia-Resolve.png
09/2023|Solar Bot| https://novo.brb.com.br/wp-content/uploads/2023/11/Solar-Bot.png
10/2023|NanoScoping| https://novo.brb.com.br/wp-content/uploads/2023/11/NanoScoping.png
10/2023|Smile| https://novo.brb.com.br/wp-content/uploads/2023/11/Usmile.png
10/2023|Bit.fy| https://novo.brb.com.br/wp-content/uploads/2023/11/Bitfy.png
10/2023|Gloda| https://novo.brb.com.br/wp-content/uploads/2023/11/Gloda.png
11/2023|Go! Health | https://novo.brb.com.br/wp-content/uploads/2023/11/GoHealth.png
12/2023|MART Plataforma de Arte| https://intranetnegocial.brb.com.br/inovacao/wp-content/uploads/sites/15/2023/12/mart.png
